Richness; Shannon; Evenness; AbRelPgre; AbRelPvio; AbRelPgray; AbRelPsky; AbRelSone; AbRelStwo; AbRelSthree; AbRelSfou; AbRelWone; AbRelWtwo; AbRelWthree; AbRelWfour 
11;2.001531323742424;0.8347033944508404;0.1163125370354694;0.2537881994412935;0.027258105477016847;0.16922035046135614;0.06281215609921273;0;0.11571996952509947;0.06772200118513502;0.009988995174807416;0.1654956403961737;8.465250148141877E-4;0.010835520189621603
