Richness; Shannon; Evenness; AbRelPgre; AbRelPvio; AbRelPgray; AbRelPsky; AbRelSone; AbRelStwo; AbRelSthree; AbRelSfou; AbRelWone; AbRelWtwo; AbRelWthree; AbRelWfour 
11;2.061738979068418;0.8598119369334865;0.10163339382940109;0.14655172413793102;0.010707803992740472;0.1249546279491833;0.16823956442831217;0;0.059800362976406535;0.1147005444646098;0.002631578947368421;0.20490018148820327;5.44464609800363E-4;0.06533575317604355
