Richness; Shannon; Evenness; AbRelPgre; AbRelPvio; AbRelPgray; AbRelPsky; AbRelSone; AbRelStwo; AbRelSthree; AbRelSfou; AbRelWone; AbRelWtwo; AbRelWthree; AbRelWfour 
11;2.0907589047532764;0.8719141859407968;0.10771503238268379;0.11521418020679468;0.006817407112828087;0.16054993750710148;0.20952164526758324;0;0.14089308033178047;0.09544369957959323;0.02556527667310533;0.10385183501874787;2.2724690376093625E-4;0.03420065901602091
