Richness; Shannon; Evenness; AbRelPgre; AbRelPvio; AbRelPgray; AbRelPsky; AbRelSone; AbRelStwo; AbRelSthree; AbRelSfou; AbRelWone; AbRelWtwo; AbRelWthree; AbRelWfour 
11;2.0463842492538995;0.8534085172392646;0.0955227522264243;0.13956325484933513;0.017079419299743808;0.13431743320727096;0.2187385628888618;0;0.1385872880322069;0.1502988898377455;0.027815054288154204;0.07344150298889837;1.219958521410272E-4;0.004513846529218006
