Richness; Shannon; Evenness; AbRelPgre; AbRelPvio; AbRelPgray; AbRelPsky; AbRelSone; AbRelStwo; AbRelSthree; AbRelSfou; AbRelWone; AbRelWtwo; AbRelWthree; AbRelWfour 
11;2.042374090757232;0.8517361512514091;0.12622202911144906;0.10808168585704975;0.013686726048229415;0.1508798609602433;0.2494025635455138;0;0.12643927873126223;0.10612643927873126;0.02813382576580491;0.08125135781012383;2.1724961981316532E-4;0.009558983271779274
