Richness; Shannon; Evenness; AbRelPgre; AbRelPvio; AbRelPgray; AbRelPsky; AbRelSone; AbRelStwo; AbRelSthree; AbRelSfou; AbRelWone; AbRelWtwo; AbRelWthree; AbRelWfour 
11;2.1821361615642827;0.9100214618704783;0.1272367987704468;0.10747612251619278;0.027774728290701503;0.17554067405862334;0.12932264793061807;0;0.13294543857723132;0.10681743330771765;0.02503018992205511;0.11022066088483917;6.586892084751345E-4;0.056976616533099135
