Richness; Shannon; Evenness; AbRelPgre; AbRelPvio; AbRelPgray; AbRelPsky; AbRelSone; AbRelStwo; AbRelSthree; AbRelSfou; AbRelWone; AbRelWtwo; AbRelWthree; AbRelWfour 
11;1.6277093787438341;0.6788075347612155;0.1670211688443229;0.3566291907221716;0.023903575407677503;0.29899726526891524;0.01600324116276714;6.077180188392585E-4;0.03565279043856984;0.06269624227691685;0.031398764306695026;0.005368175833080117;0;0.001721867720044566
