Richness; Shannon; Evenness; AbRelPgre; AbRelPvio; AbRelPgray; AbRelPsky; AbRelSone; AbRelStwo; AbRelSthree; AbRelSfou; AbRelWone; AbRelWtwo; AbRelWthree; AbRelWfour 
11;1.9888182432296795;0.8294016280822416;0.060069346827851186;0.14084903008152938;0.0158373160903383;0.16427701246368662;0.25798894199231565;0;0.07290788117327336;0.19135976009746042;0.01761784275138225;0.05210383281791772;3.7484771811451597E-4;0.026614187986130633
