Richness; Shannon; Evenness; AbRelPgre; AbRelPvio; AbRelPgray; AbRelPsky; AbRelSone; AbRelStwo; AbRelSthree; AbRelSfou; AbRelWone; AbRelWtwo; AbRelWthree; AbRelWfour 
11;2.0438176737586;0.8523381721226889;0.12013791617282621;0.24630966490679884;0.02445857127464713;0.18252343497467946;0.10537657580002155;8.619760801637754E-4;0.11216463743131128;0.0798405344251697;0.049994612649498976;0.07779334123478074;0;5.387350501023597E-4
