Richness; Shannon; Evenness; AbRelPgre; AbRelPvio; AbRelPgray; AbRelPsky; AbRelSone; AbRelStwo; AbRelSthree; AbRelSfou; AbRelWone; AbRelWtwo; AbRelWthree; AbRelWfour 
11;2.0047294469016403;0.8360371153999977;0.06466637781629116;0.19800693240901213;0.04679376083188908;0.24469237435008664;0.1417894280762565;6.499133448873484E-4;0.0772313691507799;0.12619150779896013;0.0839471403812825;0.014839688041594454;0;0.0011915077989601386
