Richness; Shannon; Evenness; AbRelPgre; AbRelPvio; AbRelPgray; AbRelPsky; AbRelSone; AbRelStwo; AbRelSthree; AbRelSfou; AbRelWone; AbRelWtwo; AbRelWthree; AbRelWfour 
11;2.079121579264302;0.8670610442623475;0.10545591135317871;0.22725138510658277;0.01079913606911447;0.2126960277960372;0.09230913700816978;0;0.08930416001502489;0.11550380317400695;0.033618180110808527;0.06648511597333083;0.001032960841393558;0.04554418255235233
