Richness; Shannon; Evenness; AbRelPgre; AbRelPvio; AbRelPgray; AbRelPsky; AbRelSone; AbRelStwo; AbRelSthree; AbRelSfou; AbRelWone; AbRelWtwo; AbRelWthree; AbRelWfour 
11;2.0077512468133496;0.8372973038435834;0.18651032270996193;0.17478452595710564;7.015433954700341E-4;0.17227901383042693;0.03617959510924033;0;0.1232711966325917;0.09591100420926037;0.007015433954700341;0.149929845660453;5.011024253357386E-4;0.052916416115454
