Richness; Shannon; Evenness; AbRelPgre; AbRelPvio; AbRelPgray; AbRelPsky; AbRelSone; AbRelStwo; AbRelSthree; AbRelSfou; AbRelWone; AbRelWtwo; AbRelWthree; AbRelWfour 
11;1.9176177725912649;0.7997087255413717;0.21441343388012127;0.16877866749591852;0.0014771048744460858;0.1096944725180751;0.030397263468864184;0;0.04672315944958408;0.09818860296975822;8.551659799424707E-4;0.2532846147865972;0.0016325895980719893;0.07455492497862085
