Richness; Shannon; Evenness; AbRelPgre; AbRelPvio; AbRelPgray; AbRelPsky; AbRelSone; AbRelStwo; AbRelSthree; AbRelSfou; AbRelWone; AbRelWtwo; AbRelWthree; AbRelWfour 
11;2.0300292762638095;0.8465879637415284;0.1354067742956632;0.13002532446976892;0.006726812282367838;0.1201329534662868;0.22380500158277936;0;0.061016144349477684;0.1427666983222539;0.0017410572966128522;0.1337448559670782;6.331117442228553E-4;0.04400126622348845
