Richness; Shannon; Evenness; AbRelPgre; AbRelPvio; AbRelPgray; AbRelPsky; AbRelSone; AbRelStwo; AbRelSthree; AbRelSfou; AbRelWone; AbRelWtwo; AbRelWthree; AbRelWfour 
11;2.0953853728216707;0.8738435729832073;0.1912519747235387;0.17466429699842023;0.03248420221169036;0.1464257503949447;0.04383886255924171;5.924170616113745E-4;0.042456556082148496;0.12361769352290679;0.016093996840442337;0.15481832543443919;0;0.07375592417061612
