Richness; Shannon; Evenness; AbRelPgre; AbRelPvio; AbRelPgray; AbRelPsky; AbRelSone; AbRelStwo; AbRelSthree; AbRelSfou; AbRelWone; AbRelWtwo; AbRelWthree; AbRelWfour 
11;2.091087059106598;0.8720510369355189;0.12668573763792398;0.17296689824274622;8.173273395995096E-4;0.15978749489170413;0.048528810788720886;0;0.16530445443400082;0.10369840621168779;0.033408255006129955;0.13087454025337147;5.108295872496935E-4;0.05741724560686555
