Richness; Shannon; Evenness; AbRelPgre; AbRelPvio; AbRelPgray; AbRelPsky; AbRelSone; AbRelStwo; AbRelSthree; AbRelSfou; AbRelWone; AbRelWtwo; AbRelWthree; AbRelWfour 
11;2.028135456677367;0.8457981796304682;0.09543947879757686;0.19967996342439137;0.015887530003428962;0.21225282889473082;0.10606926505886387;2.2859755400617213E-4;0.0926963081495028;0.14070179449079895;0.0064007315121728196;0.11235569779403361;0;0.01828780432049377
