Richness; Shannon; Evenness; AbRelPgre; AbRelPvio; AbRelPgray; AbRelPsky; AbRelSone; AbRelStwo; AbRelSthree; AbRelSfou; AbRelWone; AbRelWtwo; AbRelWthree; AbRelWfour 
11;2.0565032213596;0.8576284563752602;0.07605400936897216;0.1369523284651419;0.005511160099200882;0.168779278038027;0.12510333425186002;0;0.11683659410305869;0.19289060347203085;0.002066685037200331;0.12041884816753927;5.511160099200882E-4;0.05483604298704877
