Richness; Shannon; Evenness; AbRelPgre; AbRelPvio; AbRelPgray; AbRelPsky; AbRelSone; AbRelStwo; AbRelSthree; AbRelSfou; AbRelWone; AbRelWtwo; AbRelWthree; AbRelWfour 
11;2.0248180499214525;0.8444147135577224;0.027209206740649403;0.1607069461570078;0.036744759556103575;0.24562268803945747;0.09362926428277846;0;0.05754212905877518;0.1318536785861077;0.0026304973284011508;0.17196876284422524;0.0010686395396629674;0.07102342786683108
