Richness; Shannon; Evenness; AbRelPgre; AbRelPvio; AbRelPgray; AbRelPsky; AbRelSone; AbRelStwo; AbRelSthree; AbRelSfou; AbRelWone; AbRelWtwo; AbRelWthree; AbRelWfour 
11;2.079202555438091;0.8670948139497512;0.1597439544807966;0.1357041251778094;0.03869132290184922;0.2193456614509246;0.07226173541963016;0.0075391180654338545;0.10455192034139403;0.13229018492176386;0.019772403982930297;0.10910384068278806;0;9.95732574679943E-4
