Richness; Shannon; Evenness; AbRelPgre; AbRelPvio; AbRelPgray; AbRelPsky; AbRelSone; AbRelStwo; AbRelSthree; AbRelSfou; AbRelWone; AbRelWtwo; AbRelWthree; AbRelWfour 
11;2.002397972157935;0.835064814912085;0.2677601126987321;0.15385389414369088;0.00945864359025961;0.14801770980076473;0.06339303682833568;0;0.09810827128194807;0.12366673374924532;0.010464882270074461;0.1006238679814852;8.049909438518816E-4;0.023847856711611996
