Richness; Shannon; Evenness; AbRelPgre; AbRelPvio; AbRelPgray; AbRelPsky; AbRelSone; AbRelStwo; AbRelSthree; AbRelSfou; AbRelWone; AbRelWtwo; AbRelWthree; AbRelWfour 
11;2.045941103215774;0.853223710987235;0.07562776957163958;0.1295913343180699;9.847365829640572E-4;0.17232890201870998;0.1812900049236829;0;0.0672575086164451;0.14977843426883308;0.005809945839487937;0.15184638109305762;0.0011816838995568684;0.06430329886755293
