Richness; Shannon; Evenness; AbRelPgre; AbRelPvio; AbRelPgray; AbRelPsky; AbRelSone; AbRelStwo; AbRelSthree; AbRelSfou; AbRelWone; AbRelWtwo; AbRelWthree; AbRelWfour 
11;2.0841023612273464;0.8691381916755587;0.14278699793773936;0.1981734262987332;0.022193852499263478;0.13326131788274576;0.13689482470784642;0;0.06844741235392321;0.16763232839045467;0.007758028086025729;0.07699106353726799;9.820288716488265E-5;0.045762545418835315
