Richness; Shannon; Evenness; AbRelPgre; AbRelPvio; AbRelPgray; AbRelPsky; AbRelSone; AbRelStwo; AbRelSthree; AbRelSfou; AbRelWone; AbRelWtwo; AbRelWthree; AbRelWfour 
11;2.0611243725998114;0.8595556261280987;0.17186613726602382;0.08814520703346568;0.017470221213840044;0.16222348269994327;0.17549631310266592;0;0.14305161656267726;0.1331820760068066;0.014066931366988089;0.07850255246738513;1.1344299489506523E-4;0.01588201928530913
