Richness; Shannon; Evenness; AbRelPgre; AbRelPvio; AbRelPgray; AbRelPsky; AbRelSone; AbRelStwo; AbRelSthree; AbRelSfou; AbRelWone; AbRelWtwo; AbRelWthree; AbRelWfour 
11;2.108452993891439;0.8792931942481587;0.11537340973098961;0.13615616198892883;0.047878022725065555;0.18024667378848208;0.10983781683985627;0;0.19510537049626106;0.1211032339516364;0.028649121103233952;0.052345343303874914;6.798096532970768E-4;0.012625036418374284
