Richness; Shannon; Evenness; AbRelPgre; AbRelPvio; AbRelPgray; AbRelPsky; AbRelSone; AbRelStwo; AbRelSthree; AbRelSfou; AbRelWone; AbRelWtwo; AbRelWthree; AbRelWfour 
10;1.954690841972176;0.8489114464953372;0.13251508217183275;0.17432910339088828;0.018514666111920118;0.24921988766382358;0.09101310588724776;0;0.06428125650093613;0.0851882671104639;0.007073018514666112;0.1747451633035157;0;0.0031204493447056377
