Richness; Shannon; Evenness; AbRelPgre; AbRelPvio; AbRelPgray; AbRelPsky; AbRelSone; AbRelStwo; AbRelSthree; AbRelSfou; AbRelWone; AbRelWtwo; AbRelWthree; AbRelWfour 
10;1.654277338404335;0.718443519606601;0.39261022328006345;0.11810041935849484;0.015187577921341948;0.11504023574747818;0.011787373909101213;0;0.23880766179304092;0.04737617590388757;0.057916808341833846;0.003060183611016661;0;1.1334013374135781E-4
