Richness; Shannon; Evenness; AbRelPgre; AbRelPvio; AbRelPgray; AbRelPsky; AbRelSone; AbRelStwo; AbRelSthree; AbRelSfou; AbRelWone; AbRelWtwo; AbRelWthree; AbRelWfour 
10;2.0532474739841904;0.8917140479331244;0.09238464679461005;0.15353205389955082;0.026133115557370357;0.12801143323805636;0.15536953858717845;0;0.13454471212739894;0.15434871376071865;0.007554103715802368;0.14373213556553696;0;0.0043895467537770514
