Richness; Shannon; Evenness; AbRelPgre; AbRelPvio; AbRelPgray; AbRelPsky; AbRelSone; AbRelStwo; AbRelSthree; AbRelSfou; AbRelWone; AbRelWtwo; AbRelWthree; AbRelWfour 
10;2.1096733278198503;0.916219484890631;0.10272157996146436;0.1628131021194605;0.01529383429672447;0.1593208092485549;0.08622350674373795;0;0.18063583815028902;0.12644508670520233;0.08839113680154143;0.06900289017341041;0;0.009152215799614644
