Richness; Shannon; Evenness; AbRelPgre; AbRelPvio; AbRelPgray; AbRelPsky; AbRelSone; AbRelStwo; AbRelSthree; AbRelSfou; AbRelWone; AbRelWtwo; AbRelWthree; AbRelWfour 
10;1.9463085212942999;0.845271050879392;0.22921672272945698;0.14493032196059585;0.004324843825084094;0.16174915905814513;0.004805382027871216;0;0.11052378664103796;0.11061989428159538;0.09178279673234022;0.1418548774627583;0;1.9221528111484863E-4
