Richness; Shannon; Evenness; AbRelPgre; AbRelPvio; AbRelPgray; AbRelPsky; AbRelSone; AbRelStwo; AbRelSthree; AbRelSfou; AbRelWone; AbRelWtwo; AbRelWthree; AbRelWfour 
10;1.9298671164705186;0.8381306394896864;0.19732013313988223;0.2358965605530426;0.03473585388751387;0.13817530084492619;0.16053597337202355;0;0.029359050951608772;0.05171972347870615;0.008790646069813092;0.14201587437057267;0;0.0014508833319108988
