Richness; Shannon; Evenness; AbRelPgre; AbRelPvio; AbRelPgray; AbRelPsky; AbRelSone; AbRelStwo; AbRelSthree; AbRelSfou; AbRelWone; AbRelWtwo; AbRelWthree; AbRelWfour 
10;1.9286877349468843;0.8376184406019133;0.27188415229417506;0.0779368695086235;0.04531402538236251;0.2630979498861048;0.018141880898145134;0;0.05678490074845428;0.031727953140253826;0.027497559388219982;0.04938171168239505;0;0.15823299707126587
