Richness; Shannon; Evenness; AbRelPgre; AbRelPvio; AbRelPgray; AbRelPsky; AbRelSone; AbRelStwo; AbRelSthree; AbRelSfou; AbRelWone; AbRelWtwo; AbRelWthree; AbRelWfour 
10;2.0852398517056647;0.9056081610405252;0.21885485442147418;0.16170581231735037;0.04437709708842948;0.07132806580798788;0.13259010715445393;0;0.06537504058880832;0.13399718584262366;0.015910812858534473;0.13551250135296028;0;0.02034852256737742
