Richness; Shannon; Evenness; AbRelPgre; AbRelPvio; AbRelPgray; AbRelPsky; AbRelSone; AbRelStwo; AbRelSthree; AbRelSfou; AbRelWone; AbRelWtwo; AbRelWthree; AbRelWfour 
10;1.9884463517478552;0.863571278124746;0.14192037470725996;0.1590632318501171;0.022482435597189696;0.16655737704918033;0.21611241217798594;0;0.07662763466042155;0.11185011709601873;7.494145199063232E-4;0.0994847775175644;0;0.005152224824355972
