Richness; Shannon; Evenness; AbRelPgre; AbRelPvio; AbRelPgray; AbRelPsky; AbRelSone; AbRelStwo; AbRelSthree; AbRelSfou; AbRelWone; AbRelWtwo; AbRelWthree; AbRelWfour 
10;1.8197085517595886;0.7902893827013472;0.24284461452603046;0.07685561667862553;0.03157139440325281;0.10483935262696324;0.00398628717212788;0;0.3078210954317149;0.06896276807781232;0.017459937813920114;0.1431077094793909;0;0.002551223790161843
