Richness; Shannon; Evenness; AbRelPgre; AbRelPvio; AbRelPgray; AbRelPsky; AbRelSone; AbRelStwo; AbRelSthree; AbRelSfou; AbRelWone; AbRelWtwo; AbRelWthree; AbRelWfour 
10;2.1328578858329186;0.9262884105010724;0.13508832698302736;0.0919062463918716;0.05368895046761344;0.17365200323288305;0.1196166724396721;0;0.09248354693453412;0.17607666551206558;0.05391987068467844;0.10160489550860177;0;0.0019628218450525345
