Richness; Shannon; Evenness; AbRelPgre; AbRelPvio; AbRelPgray; AbRelPsky; AbRelSone; AbRelStwo; AbRelSthree; AbRelSfou; AbRelWone; AbRelWtwo; AbRelWthree; AbRelWfour 
10;2.043700677673461;0.8875679269755204;0.09704550355833513;0.2273021350010783;0.041729566530084104;0.1268061246495579;0.19301272374379988;0.008734095320250162;0.08356696139745524;0.08410610308389045;0.011106318740565021;0.12659046797498383;0;0
