Richness; Shannon; Evenness; AbRelPgre; AbRelPvio; AbRelPgray; AbRelPsky; AbRelSone; AbRelStwo; AbRelSthree; AbRelSfou; AbRelWone; AbRelWtwo; AbRelWthree; AbRelWfour 
10;2.0662373080388847;0.8973554611839171;0.11495673671199011;0.15055624227441286;0.016810877626699628;0.15624227441285538;0.08121137206427688;0;0.07861557478368356;0.17935723114956736;0.049443757725587144;0.1710754017305315;0;0.00173053152039555
