Richness; Shannon; Evenness; AbRelPgre; AbRelPvio; AbRelPgray; AbRelPsky; AbRelSone; AbRelStwo; AbRelSthree; AbRelSfou; AbRelWone; AbRelWtwo; AbRelWthree; AbRelWfour 
10;2.07532135576274;0.9013006129837332;0.13232849384905243;0.1867449850382356;0.031031807602792862;0.1008533747090768;0.11104954006428017;0;0.13376925634489636;0.0969743987587277;2.216557685913776E-4;0.17577302449296242;0;0.03125346337138424
