Richness; Shannon; Evenness; AbRelPgre; AbRelPvio; AbRelPgray; AbRelPsky; AbRelSone; AbRelStwo; AbRelSthree; AbRelSfou; AbRelWone; AbRelWtwo; AbRelWthree; AbRelWfour 
10;1.9998581536581679;0.8685273607229678;0.2671648256443578;0.1264890621615768;0.009205111544292831;0.1560537145332467;0.05988737275286983;0;0.06356941737058697;0.14089235434264674;0.07905566385098549;0.096816114359974;0;8.663634394628547E-4
