Richness; Shannon; Evenness; AbRelPgre; AbRelPvio; AbRelPgray; AbRelPsky; AbRelSone; AbRelStwo; AbRelSthree; AbRelSfou; AbRelWone; AbRelWtwo; AbRelWthree; AbRelWfour 
10;2.016372769068951;0.8756995670666251;0.06151545363908275;0.21884346959122633;0.029611166500498505;0.07617148554336989;0.10937188434695912;0;0.14047856430707875;0.1506480558325025;0.0160518444666002;0.1925224327018943;0;0.004785643070787637
