Richness; Shannon; Evenness; AbRelPgre; AbRelPvio; AbRelPgray; AbRelPsky; AbRelSone; AbRelStwo; AbRelSthree; AbRelSfou; AbRelWone; AbRelWtwo; AbRelWthree; AbRelWfour 
10;2.0109117627180964;0.8733278821428104;0.08605285432145209;0.21574344023323616;0.011661807580174927;0.19599360481519798;0.10627292391611022;0;0.08059813787266058;0.12414182262766858;0.001598796200507853;0.14840590614125834;0;0.029530706291733284
