Richness; Shannon; Evenness; AbRelPgre; AbRelPvio; AbRelPgray; AbRelPsky; AbRelSone; AbRelStwo; AbRelSthree; AbRelSfou; AbRelWone; AbRelWtwo; AbRelWthree; AbRelWfour 
10;2.0005772490624696;0.8688396598890179;0.15766759374700298;0.16744988970940827;0.01937278220005754;0.22317061475016783;0.1232377481538314;0;0.06348901889325789;0.1275534669607749;0.014865253668360986;0.10204277356861993;0;0.0011508583485182698
