Richness; Shannon; Evenness; AbRelPgre; AbRelPvio; AbRelPgray; AbRelPsky; AbRelSone; AbRelStwo; AbRelSthree; AbRelSfou; AbRelWone; AbRelWtwo; AbRelWthree; AbRelWfour 
10;1.829756614524519;0.794653200913974;0.04234152758365535;0.17265477267121598;0.004768560388062156;0.15941790676642276;0.32056236125955767;0;0.02260955356408781;0.15596481131299844;0.03954616459754995;0.08196990873962016;0;1.644331168297295E-4
