Richness; Shannon; Evenness; AbRelPgre; AbRelPvio; AbRelPgray; AbRelPsky; AbRelSone; AbRelStwo; AbRelSthree; AbRelSfou; AbRelWone; AbRelWtwo; AbRelWthree; AbRelWfour 
10;1.9815865111119793;0.8605920871898494;0.21758980101645276;0.1902834008097166;0.031527263330174866;0.17477818933586012;0.07166853303471445;0;0.05512964079593419;0.08691532431733999;0.014471530708932725;0.15651649582220692;0;0.0011198208286674132
