Richness; Shannon; Evenness; AbRelPgre; AbRelPvio; AbRelPgray; AbRelPsky; AbRelSone; AbRelStwo; AbRelSthree; AbRelSfou; AbRelWone; AbRelWtwo; AbRelWthree; AbRelWfour 
10;2.0462519184898866;0.8886759167841003;0.13693452018046579;0.19985367638092916;0.027801487623460554;0.12986221192537495;0.10328008779417144;0;0.12047311303499574;0.1746128520912084;0.018778197780758444;0.0876722350932813;0;7.316180953542251E-4
