Richness; Shannon; Evenness; AbRelPgre; AbRelPvio; AbRelPgray; AbRelPsky; AbRelSone; AbRelStwo; AbRelSthree; AbRelSfou; AbRelWone; AbRelWtwo; AbRelWthree; AbRelWfour 
10;1.7744538974449353;0.770635536052054;0.18748301784258672;0.3070374060320623;0.08486550131328684;0.2455393533194457;0.0065211484466986686;0;0.027171451861244453;0.019654016846300155;0.03151888415904357;0.08812607553663618;0;0.002083144642695408
