Richness; Shannon; Evenness; AbRelPgre; AbRelPvio; AbRelPgray; AbRelPsky; AbRelSone; AbRelStwo; AbRelSthree; AbRelSfou; AbRelWone; AbRelWtwo; AbRelWthree; AbRelWfour 
10;1.9849532515633685;0.8620542439898882;0.21856888096299598;0.16707534551939368;0.022068658047258136;0.23127507802050826;0.0883860900579581;0;0.06464556397681677;0.11067766384306732;0.015269728042799822;0.07378510922871155;0;0.008247882300490415
