Richness; Shannon; Evenness; AbRelPgre; AbRelPvio; AbRelPgray; AbRelPsky; AbRelSone; AbRelStwo; AbRelSthree; AbRelSfou; AbRelWone; AbRelWtwo; AbRelWthree; AbRelWfour 
10;1.9738725662761503;0.8572419635139427;0.1033786265148733;0.1335842820418656;0.011476312890194637;0.22071244950422328;0.09897172236503857;0;0.08914799853103195;0.08593463092177746;0.017903048108703634;0.2358611825192802;0;0.0030297466030113846
